postid,poststatus,lang_code,post-title,permalink
371,draft,en,"Autonomous Vehicles",https://jun25-mwe-mwe-com.pantheonsite.io/?post_type=services&p=371
409,draft,en,"Government Investigations",https://jun25-mwe-mwe-com.pantheonsite.io/?post_type=services&p=409
432,draft,en,"FinTech &#038; Blockchain",https://jun25-mwe-mwe-com.pantheonsite.io/?post_type=services&p=432
450,draft,en,"Search Funds",https://jun25-mwe-mwe-com.pantheonsite.io/?post_type=services&p=450
460,draft,en,"Copyright Counseling &#038; Litigation",https://jun25-mwe-mwe-com.pantheonsite.io/?post_type=services&p=460
466,draft,en,"Accounting Defense",https://jun25-mwe-mwe-com.pantheonsite.io/?post_type=services&p=466
527,draft,en,"Trade Secrets Litigation",https://jun25-mwe-mwe-com.pantheonsite.io/?post_type=services&p=527
5659,draft,de,Kartellrechtsstreitigkeiten,https://jun25-mwe-mwe-com.pantheonsite.io/de/?post_type=services&p=5659
5685,draft,de,Kartellabwehr,https://jun25-mwe-mwe-com.pantheonsite.io/de/?post_type=services&p=5685
5691,draft,de,"Europäisches Wettbewerbsrecht",https://jun25-mwe-mwe-com.pantheonsite.io/de/?post_type=services&p=5691
5695,draft,de,"Sozialleistungen und Managementvergütung",https://jun25-mwe-mwe-com.pantheonsite.io/de/?post_type=services&p=5695
5696,draft,de,"Behördliche Ermittlungen",https://jun25-mwe-mwe-com.pantheonsite.io/de/?post_type=services&p=5696
5697,draft,de,"Geistiges Eigentum und Kartellrecht",https://jun25-mwe-mwe-com.pantheonsite.io/de/?post_type=services&p=5697
5698,draft,de,Fusionsfreigabe,https://jun25-mwe-mwe-com.pantheonsite.io/de/?post_type=services&p=5698
5701,draft,de,Direktinvestitionen,https://jun25-mwe-mwe-com.pantheonsite.io/de/?post_type=services&p=5701
5702,draft,de,"FinTech und Blockchain",https://jun25-mwe-mwe-com.pantheonsite.io/de/?post_type=services&p=5702
5706,draft,de,"McDermott Corporate Services",https://jun25-mwe-mwe-com.pantheonsite.io/de/?post_type=services&p=5706
5708,draft,de,Compliance,https://jun25-mwe-mwe-com.pantheonsite.io/de/?post_type=services&p=5708
5734,draft,de,ESOP-Transaktionen,https://jun25-mwe-mwe-com.pantheonsite.io/de/?post_type=services&p=5734
5737,draft,de,"Vergütung von Führungskräften",https://jun25-mwe-mwe-com.pantheonsite.io/de/?post_type=services&p=5737
5746,draft,de,"Gesundheits- und Sozialleistungen",https://jun25-mwe-mwe-com.pantheonsite.io/de/?post_type=services&p=5746
5750,draft,de,Pensionsleistungen,https://jun25-mwe-mwe-com.pantheonsite.io/de/?post_type=services&p=5750
5767,draft,de,"Corporate Finance",https://jun25-mwe-mwe-com.pantheonsite.io/de/?post_type=services&p=5767
5771,draft,de,Unternehmensreorganisation,https://jun25-mwe-mwe-com.pantheonsite.io/de/?post_type=services&p=5771
5776,draft,de,"Globaler Datenschutz &#038; Cybersicherheit",https://jun25-mwe-mwe-com.pantheonsite.io/de/?post_type=services&p=5776
5780,draft,de,Outsourcing,https://jun25-mwe-mwe-com.pantheonsite.io/de/?post_type=services&p=5780
5781,draft,de,"Autonomes Fahren",https://jun25-mwe-mwe-com.pantheonsite.io/de/?post_type=services&p=5781
5783,draft,de,"Konsumentendaten &#038; Digitales Marketing",https://jun25-mwe-mwe-com.pantheonsite.io/de/?post_type=services&p=5783
5786,draft,de,"Grenzüberschreitender Datenschutz",https://jun25-mwe-mwe-com.pantheonsite.io/de/?post_type=services&p=5786
5788,draft,de,"Management von Datenschutzverstößen",https://jun25-mwe-mwe-com.pantheonsite.io/de/?post_type=services&p=5788
5791,draft,de,"Datenlizenzierung &#038; Strategien",https://jun25-mwe-mwe-com.pantheonsite.io/de/?post_type=services&p=5791
5794,draft,de,Arbeitnehmerdatenschutz,https://jun25-mwe-mwe-com.pantheonsite.io/de/?post_type=services&p=5794
5798,draft,de,"Post-Merger Integration",https://jun25-mwe-mwe-com.pantheonsite.io/de/?post_type=services&p=5798
5806,draft,de,"Schutz von Gesundheitsdaten",https://jun25-mwe-mwe-com.pantheonsite.io/de/?post_type=services&p=5806
5813,draft,de,"Structured Finance, Derivatives &#038; Financial Products",https://jun25-mwe-mwe-com.pantheonsite.io/de/?post_type=services&p=5813
5819,draft,de,"Informationssicherheit &#038; Risikominderung",https://jun25-mwe-mwe-com.pantheonsite.io/de/?post_type=services&p=5819
5827,draft,de,"Technologie und Handelstransaktionen",https://jun25-mwe-mwe-com.pantheonsite.io/de/?post_type=services&p=5827
5829,draft,de,"Datenschutzprozesse und behördliche Untersuchungen",https://jun25-mwe-mwe-com.pantheonsite.io/de/?post_type=services&p=5829
5832,draft,de,Telekommunikations-Transaktionen,https://jun25-mwe-mwe-com.pantheonsite.io/de/?post_type=services&p=5832
5834,draft,de,"Intellectual Property",https://jun25-mwe-mwe-com.pantheonsite.io/de/?post_type=services&p=5834
5860,draft,de,"Private Clients",https://jun25-mwe-mwe-com.pantheonsite.io/de/?post_type=services&p=5860
5868,draft,de,"Closely-Held Businesses",https://jun25-mwe-mwe-com.pantheonsite.io/de/?post_type=services&p=5868
5875,draft,de,"Familienunternehmen und private Treuhandgesellschaften",https://jun25-mwe-mwe-com.pantheonsite.io/de/?post_type=services&p=5875
5876,draft,de,Urheberrecht,https://jun25-mwe-mwe-com.pantheonsite.io/de/?post_type=services&p=5876
5885,draft,de,"Internationale Nachlassplanung",https://jun25-mwe-mwe-com.pantheonsite.io/de/?post_type=services&p=5885
5887,draft,de,"Treuhand &#038; Nachlassstreitigkeiten",https://jun25-mwe-mwe-com.pantheonsite.io/de/?post_type=services&p=5887
5904,draft,de,"Government &#038; Lobbying Strategies",https://jun25-mwe-mwe-com.pantheonsite.io/de/?post_type=services&p=5904
5914,draft,de,"Internationaler Handel",https://jun25-mwe-mwe-com.pantheonsite.io/de/?post_type=services&p=5914
5958,draft,de,"Übernahmen &#038; Restrukturierungen",https://jun25-mwe-mwe-com.pantheonsite.io/de/?post_type=services&p=5958
5978,draft,de,Bundessteuern,https://jun25-mwe-mwe-com.pantheonsite.io/de/?post_type=services&p=5978
5989,draft,de,"Internationale Handelskommission",https://jun25-mwe-mwe-com.pantheonsite.io/de/?post_type=services&p=5989
5997,draft,de,Patentstreitigkeiten,https://jun25-mwe-mwe-com.pantheonsite.io/de/?post_type=services&p=5997
6000,draft,de,"Bundesstaatliche und kommunale Steuern",https://jun25-mwe-mwe-com.pantheonsite.io/de/?post_type=services&p=6000
6002,draft,de,"Steuerliche Auseinandersetzungen",https://jun25-mwe-mwe-com.pantheonsite.io/de/?post_type=services&p=6002
6008,draft,de,Steuerstrukturierung,https://jun25-mwe-mwe-com.pantheonsite.io/de/?post_type=services&p=6008
6011,draft,de,Patentportfolio,https://jun25-mwe-mwe-com.pantheonsite.io/de/?post_type=services&p=6011
6013,draft,de,"Transfer Pricing",https://jun25-mwe-mwe-com.pantheonsite.io/de/?post_type=services&p=6013
6017,draft,de,Post-Grant,https://jun25-mwe-mwe-com.pantheonsite.io/de/?post_type=services&p=6017
6024,draft,de,Wirtschaftsstrafrecht,https://jun25-mwe-mwe-com.pantheonsite.io/de/?post_type=services&p=6024
6025,draft,de,Geschäftsgeheimnisse,https://jun25-mwe-mwe-com.pantheonsite.io/de/?post_type=services&p=6025
6029,draft,de,"Anti-Corruption Investigations &#038; Compliance",https://jun25-mwe-mwe-com.pantheonsite.io/de/?post_type=services&p=6029
6037,draft,de,"Gerichtliche Verteidigung im Gesundheitswesen",https://jun25-mwe-mwe-com.pantheonsite.io/de/?post_type=services&p=6037
6038,draft,de,Markenstreitigkeiten,https://jun25-mwe-mwe-com.pantheonsite.io/de/?post_type=services&p=6038
6041,draft,de,"Abwehr von SEC Vollstreckungsmaßnahmen",https://jun25-mwe-mwe-com.pantheonsite.io/de/?post_type=services&p=6041
6048,draft,de,Markenzeichen,https://jun25-mwe-mwe-com.pantheonsite.io/de/?post_type=services&p=6048
6082,draft,de,Africa,https://jun25-mwe-mwe-com.pantheonsite.io/de/?post_type=services&p=6082
6085,draft,de,"Verteidigung von Wirtschaftsprüfern",https://jun25-mwe-mwe-com.pantheonsite.io/de/?post_type=services&p=6085
6088,draft,de,"Class Action",https://jun25-mwe-mwe-com.pantheonsite.io/de/?post_type=services&p=6088
6091,draft,de,Handelsstreitigkeiten,https://jun25-mwe-mwe-com.pantheonsite.io/de/?post_type=services&p=6091
6094,draft,de,China,https://jun25-mwe-mwe-com.pantheonsite.io/de/?post_type=services&p=6094
6095,draft,de,"Prozessführung und Rechtsberatung im Versicherungswesen",https://jun25-mwe-mwe-com.pantheonsite.io/de/?post_type=services&p=6095
6098,draft,de,"Internationale Schiedsgerichtsverfahren",https://jun25-mwe-mwe-com.pantheonsite.io/de/?post_type=services&p=6098
6107,draft,de,Discovery,https://jun25-mwe-mwe-com.pantheonsite.io/de/?post_type=services&p=6107
6109,draft,de,"Product Defense",https://jun25-mwe-mwe-com.pantheonsite.io/de/?post_type=services&p=6109
6112,draft,de,"Securities Litigation",https://jun25-mwe-mwe-com.pantheonsite.io/de/?post_type=services&p=6112
6154,draft,de,Japan,https://jun25-mwe-mwe-com.pantheonsite.io/de/?post_type=services&p=6154
6165,draft,de,Korea,https://jun25-mwe-mwe-com.pantheonsite.io/de/?post_type=services&p=6165
6174,draft,de,"Brexit Ressourcen",https://jun25-mwe-mwe-com.pantheonsite.io/de/?post_type=services&p=6174
6178,draft,de,"Informationen zur neuen US-Administration",https://jun25-mwe-mwe-com.pantheonsite.io/de/?post_type=services&p=6178
6313,draft,de,Gesundheitswesen,https://jun25-mwe-mwe-com.pantheonsite.io/de/?post_type=services&p=6313
6379,draft,de,"ERISA Rechtsstreitigkeiten",https://jun25-mwe-mwe-com.pantheonsite.io/de/?post_type=services&p=6379
10800,draft,fr,"Government Investigations",https://jun25-mwe-mwe-com.pantheonsite.io/fr/?post_type=services&p=10800
10835,draft,fr,"FinTech and Blockchain",https://jun25-mwe-mwe-com.pantheonsite.io/fr/?post_type=services&p=10835
10872,draft,fr,"Search Funds",https://jun25-mwe-mwe-com.pantheonsite.io/fr/?post_type=services&p=10872
10916,draft,it,"FinTech e Blockchain",https://jun25-mwe-mwe-com.pantheonsite.io/it/?post_type=services&p=10916
10933,draft,it,"Ricerca Fondi",https://jun25-mwe-mwe-com.pantheonsite.io/it/?post_type=services&p=10933
10951,draft,fr,"Autonomous Vehicles",https://jun25-mwe-mwe-com.pantheonsite.io/fr/?post_type=services&p=10951
10979,draft,it,"Veicoli Autonomi",https://jun25-mwe-mwe-com.pantheonsite.io/it/?post_type=services&p=10979
11008,draft,fr,"Accounting Defense",https://jun25-mwe-mwe-com.pantheonsite.io/fr/?post_type=services&p=11008
11012,draft,fr,"Copyright Counseling &#038; Litigation",https://jun25-mwe-mwe-com.pantheonsite.io/fr/?post_type=services&p=11012
11027,draft,fr,"Trade Secrets Litigation",https://jun25-mwe-mwe-com.pantheonsite.io/fr/?post_type=services&p=11027
11096,draft,it,"Difesa Contabile",https://jun25-mwe-mwe-com.pantheonsite.io/it/?post_type=services&p=11096
11251,draft,fr,"Ressources du Brexit",https://jun25-mwe-mwe-com.pantheonsite.io/fr/?post_type=services&p=11251
11265,draft,fr,"Nouveau Centre de Ressources de l&#8217;Administration Américaine",https://jun25-mwe-mwe-com.pantheonsite.io/fr/?post_type=services&p=11265
11341,draft,it,"Risorse Brexit",https://jun25-mwe-mwe-com.pantheonsite.io/it/?post_type=services&p=11341
11345,draft,it,"Centro di Risorse della Nuova Amministrazione Americana",https://jun25-mwe-mwe-com.pantheonsite.io/it/?post_type=services&p=11345
25184,draft,en,"Food, Beverage &#038; Agribusiness",https://jun25-mwe-mwe-com.pantheonsite.io/?post_type=services&p=25184
32830,draft,de,"Strategic Solutions",https://jun25-mwe-mwe-com.pantheonsite.io/de/?post_type=services&p=32830
88459,draft,de,"Tax-Exempt Organizations",https://jun25-mwe-mwe-com.pantheonsite.io/de/?post_type=services&p=88459
97072,draft,de,"Chinese Outbound Direct Investments (ODI)",https://jun25-mwe-mwe-com.pantheonsite.io/de/?post_type=services&p=97072
105012,draft,de,"IP Transactions and Licensing",https://jun25-mwe-mwe-com.pantheonsite.io/de/?post_type=services&p=105012
105595,draft,de,"Acquisition &#038; Development",https://jun25-mwe-mwe-com.pantheonsite.io/de/?post_type=services&p=105595
105739,draft,fr,"Fiscalité Old",https://jun25-mwe-mwe-com.pantheonsite.io/fr/?post_type=services&p=105739
106789,draft,de,"Real Estate Finance",https://jun25-mwe-mwe-com.pantheonsite.io/de/?post_type=services&p=106789
119584,draft,de,"Crisis Management",https://jun25-mwe-mwe-com.pantheonsite.io/de/?post_type=services&p=119584
128038,draft,de,"Corporate Board Investigations",https://jun25-mwe-mwe-com.pantheonsite.io/de/?post_type=services&p=128038
133454,draft,de,"Latin America",https://jun25-mwe-mwe-com.pantheonsite.io/de/?post_type=services&p=133454
146827,draft,de,"Trade Secrets",https://jun25-mwe-mwe-com.pantheonsite.io/de/?post_type=services&p=146827
161974,draft,de,"Bankruptcy Litigation",https://jun25-mwe-mwe-com.pantheonsite.io/de/?post_type=services&p=161974
163319,draft,de,"Congressional Investigations",https://jun25-mwe-mwe-com.pantheonsite.io/de/?post_type=services&p=163319
165715,draft,en,"Employment Class Action",https://jun25-mwe-mwe-com.pantheonsite.io/?post_type=services&p=165715
165717,draft,de,"Employment Class Action",https://jun25-mwe-mwe-com.pantheonsite.io/de/?post_type=services&p=165717
165719,draft,fr,"Employment Class Action",https://jun25-mwe-mwe-com.pantheonsite.io/fr/?post_type=services&p=165719
165721,draft,it,"Employment Class Action",https://jun25-mwe-mwe-com.pantheonsite.io/it/?post_type=services&p=165721
168256,draft,en,"Pandemic Response",https://jun25-mwe-mwe-com.pantheonsite.io/?post_type=services&p=168256
168259,draft,de,"Pandemic Response",https://jun25-mwe-mwe-com.pantheonsite.io/de/?post_type=services&p=168259
168261,draft,fr,"Pandemic Response",https://jun25-mwe-mwe-com.pantheonsite.io/fr/?post_type=services&p=168261
168263,draft,it,"Pandemic Response",https://jun25-mwe-mwe-com.pantheonsite.io/it/?post_type=services&p=168263
176452,draft,de,"ESG, Impact &#038; Sustainability",https://jun25-mwe-mwe-com.pantheonsite.io/de/?post_type=services&p=176452
176641,draft,de,"Global Employment",https://jun25-mwe-mwe-com.pantheonsite.io/de/?post_type=services&p=176641
179980,draft,en,"Federal Tax Controversy",https://jun25-mwe-mwe-com.pantheonsite.io/?post_type=services&p=179980
180468,draft,en,"Criminal Tax Defense",https://jun25-mwe-mwe-com.pantheonsite.io/?post_type=services&p=180468
180472,draft,de,"Criminal Tax Defense",https://jun25-mwe-mwe-com.pantheonsite.io/de/?post_type=services&p=180472
180474,draft,fr,"Criminal Tax Defense",https://jun25-mwe-mwe-com.pantheonsite.io/fr/?post_type=services&p=180474
184228,draft,de,"Non-US Tax Controversy",https://jun25-mwe-mwe-com.pantheonsite.io/de/?post_type=services&p=184228
193229,draft,de,"Transactions and Executive Contracts",https://jun25-mwe-mwe-com.pantheonsite.io/de/?post_type=services&p=193229
193258,draft,de,"Pay Equity, DEI &#038; Discrimination",https://jun25-mwe-mwe-com.pantheonsite.io/de/?post_type=services&p=193258
194820,draft,en,"Consumer Protection",https://jun25-mwe-mwe-com.pantheonsite.io/?post_type=services&p=194820
199959,draft,de,"Venture Capital",https://jun25-mwe-mwe-com.pantheonsite.io/de/?post_type=services&p=199959
207415,draft,en,"Sexual Assault &#038; Abuse Investigations",https://jun25-mwe-mwe-com.pantheonsite.io/?post_type=services&p=207415
207460,draft,de,"Sexual Assault and Abuse Investigations",https://jun25-mwe-mwe-com.pantheonsite.io/de/?post_type=services&p=207460
207463,draft,fr,"Sexual Assault &#038; Abuse Investigations",https://jun25-mwe-mwe-com.pantheonsite.io/fr/?post_type=services&p=207463
207465,draft,it,"Sexual Assault &#038; Abuse Investigations",https://jun25-mwe-mwe-com.pantheonsite.io/it/?post_type=services&p=207465
214618,draft,de,Corporate/M&#038;A,https://jun25-mwe-mwe-com.pantheonsite.io/de/?post_type=services&p=214618
215674,draft,de,Israel,https://jun25-mwe-mwe-com.pantheonsite.io/de/?post_type=services&p=215674
217448,draft,de,"Government &#038; Regulatory Litigation",https://jun25-mwe-mwe-com.pantheonsite.io/de/?post_type=services&p=217448
219027,draft,en,"Consumer Product Recalls",https://jun25-mwe-mwe-com.pantheonsite.io/?post_type=services&p=219027
219036,draft,it,"Consumer Product Recalls",https://jun25-mwe-mwe-com.pantheonsite.io/it/?post_type=services&p=219036
219038,draft,fr,"Consumer Product Recalls",https://jun25-mwe-mwe-com.pantheonsite.io/fr/?post_type=services&p=219038
290967,draft,en,"Accounting Firm Transactions",https://jun25-mwe-mwe-com.pantheonsite.io/?post_type=services&p=290967
317646,draft,en,"Accounting &#038; Consulting",https://jun25-mwe-mwe-com.pantheonsite.io/?post_type=services&p=317646
333025,draft,en,"Life Settlements Litigation",https://jun25-mwe-mwe-com.pantheonsite.io/?post_type=services&p=333025
